author,comment
AutoModerator,"
As a reminder, this subreddit [is for civil discussion.](/r/politics/wiki/index#wiki_be_civil)

In general, be courteous to others. Debate/discuss/argue the merits of ideas, don't attack people. Personal insults, shill or troll accusations, hate speech, any suggestion or support of harm, violence, or death, and other rule violations can result in a permanent ban. 

If you see comments in violation of our rules, please report them.

 For those who have questions regarding any media outlets being posted on this subreddit, please click [here](https://www.reddit.com/r/politics/wiki/approveddomainslist) to review our details as to our approved domains list and outlet criteria.
 
 **Special announcement:**
 
 r/politics is currently accepting new moderator applications.  If you want to help make this community a better place, consider [applying here today](https://www.reddit.com/r/politics/comments/sskg6a/rpolitics_is_looking_for_more_moderators/)!

***


*I am a bot, and this action was performed automatically. Please [contact the moderators of this subreddit](/message/compose/?to=/r/politics) if you have any questions or concerns.*"
jdmorgenstern,"The GOP ran on fighting inflation (with no policies in which to do so), but is now proposing a national sales tax, raising the retirement age, and gutting Medicare and Social Security."
LuvKrahft,Hey Democrats remember to bring this up constantly for the next couple of years. The casual ‚ÄúBiden did this‚Äù sticker slapper will conveniently forget all about this burden the gop is threatening
Ben_Pharten,"30 cents to every dollar spent, even with more take home pay, would objectively sink most working class people. There is no way around it."
,[removed]
Wehause,"Let's be perfectly clear here. The party of states rights, private property, small government, and no new taxes, is now advocating for a national sales tax."
GrafZeppelin127,"Leave it to the GOP to propose the most regressive, economically damaging, wealthy-enriching tax in existence. Imagine how they would screech at a zero-deadweight Land Value Tax, though."
poopeedoop,"Republicans have been able to convince their voters to vote against their best interests for so long that it won't surprise me if this absurd idea actually becomes popular on the right. You have to be an absolute moron to believe that a national sales tax would be good for anyone but the rich, but there will be a ton of republican voters lining up to support it as long as their culture war continues."
BigMax,"GOP: ""OMG, prices are up, how could Biden do this!??""  
also GOP: ""But... how about we raise prices on almost everything by 30%?"""
browster,"The GOP is completely inept at governing.  They really don't know what to do to keep the country running and prospering.  There was a time when they had some ability, but the clowns who are there now really don't know how to do anything but bloviate."
newnemo,"A 30% sales tax and cutting social security and Medicare.... Republicans for the working class is a cruel joke.

>House Speaker Kevin McCarthy has backed his fellow Republicans into a corner with one of the promises he made to his far-right flank to land his job: opening the door to considering fringe legislation that would replace the income tax with a federal sales tax and abolish the IRS.

.....

>Democrats aren‚Äôt wasting time debating the fine points.

>Senate Majority Leader Chuck Schumer and House Minority Leader Hakeem Jeffries, in a Wednesday press conference, depicted the legislation as part of an extreme Republican agenda that would also target Social Security and other entitlement benefits.

article continues...."
humboldt77,"‚ÄúThe Fair Tax isn‚Äôt happening and won‚Äôt survive regular order, despite assertions from Democrats like Chuck Schumer and President Biden,‚Äù ATR said in an email blast. ‚ÄúIn fact, House co-sponsorship of the Fair Tax Act is at a 20-year low. Support has been dwindling for the past decade, dropping by two-thirds since 2013.‚Äù



Telling us that a Republican proposal was ridiculous and unlikely to come to a vote, much less pass, is how we ended up with Donald Trump as president in the first place. I hope democrats beat the GOP over the head with this one for at least the next two years."
Schrko87,Of course its a regressive tax that would hurt lower incomes that tend to spend a larger portion of their budgets on food n goods that this would apply to n removing the payrole tax would help higher income earners........suprise suprise.....
whyreadthis2035,"So let me get this straight. The party of trickle down economics. Ie: cut taxes for the rich and corporations, so we all see a benefit. This party wants to impose a national sales tax? One that will disproportionately impact low and middle income voters. Even though low and middle class voters make up the majority of their base. Of course low and middle class voters are the overwhelming majority of every party base. The difference is GOP voters vote for these people because they believe taxes are too high. You can‚Äôt make this up."
TakeCareOfYourM0ther,"Spoiler alert: a depression and other nasty mean things to hurt people is the GOP platform. It‚Äôs part of a twisted plan to break the U.S. from within. Bacon Bannon even [said so in the press](https://www.businessinsider.com/book-steve-bannon-is-obsessed-with-the-fourth-turning-2017-2?amp) years ago. An influence in this plan to form a new world order is of course, aligned with [Russian plans](https://www.npr.org/2017/10/30/560042987/russians-targeted-u-s-racial-divisions-long-before-2016-and-black-lives-matter)."
shewy92,">it would slap a 30 percent national sales tax on ‚Äúevery item from groceries, gasoline, clothing, supplies, [and] medicine.‚Äù

Uh, yea, fuck that"
IronyElSupremo,"Yeah, a huge blunder by the GOP pretty much ensuring a Biden-Harris win in ‚Äò24.  Then there‚Äôs the GOP wanting to raise Social Security age at a time where American lifespans on average are declining (mostly due to GOP medical fratricide).  

Democrats need to use these GOP ‚Äúgreatest hits‚Äù in ‚Äò24, though realizing the policies are popular in those R reps districts (i.e. retake the House and then play a game of ‚Äúkeep away‚Äù = play the electoral map correctly this time a.k.a. not holding my breath)."
,[deleted]
,[deleted]
GraceSilverhelm,"It is a sure-fire way to make poor and middle income people spend as little as they possibly can.  Not only is this a morally bankrupt idea, it's plain stupid."
IamWarlok,"People are really get fixated on the 30% flat tax and think that ALL goods and services will be taxed equally. 

THEY WON‚ÄôT BE!

American conservatives are waging a culture war and tax cuts are their rallying cry. 

The second Conservatives get this tax increase pushed through they will immediately begin tax cuts and make exemptions on the flat tax. 

Guns, big trucks, tractors, the Bible and other conservative items will get reduced tax or exempted right away along with other relics of conservative culture that are too numerous to name. 

This is the part of the culture war where they are planning on making liberals paying the lions share of the tab.

If they can‚Äôt force you to be conservative, they will force you to pay more money on living the way you want to live."
theothershuu,The dog accidentally caught the car....now what?
Jerk182,"Face it, the Republicans are making our lives miserable. Russia has to be feeding them."
portage,"A national sales tax would double tax existing savings. I have already paid the taxes on my savings and roth, so any federal sales tax would be double taxation. I have already paid like 27% as income tax and now have to pay an additional sales tax of 30%. How are these children in Congress."
Hans_Delbruck,">Each household will receive a monthly prebate based on federal poverty levels and household size that will allow families to purchase necessary goods, such as food, shelter, and medicine, essentially tax-free. This is similar to our current individual exemption and refundable tax credit system.‚Äù

How long will that last? They are trying to kill the SNAP program, social security, medicare basically any programs that give out money (unless it subsides to big business)."
DavidGlennCox,"‚ÄúRepublicans don't like people to talk about depressions. You can hardly blame them for that. You remember the old saying: Don't talk about rope in the house where somebody has been hanged.‚Äù **‚Äï Harry S. Truman**"
Aggressive-Will-4500,"The GOP looked at the 2022 election, which they should've steamrolled right into, and said ""Hmmm... I guess the problem is that we just weren't being horrible enough."""
LurkingLarry43,"So I‚Äôm in my 40s and this is just an observation - the Republican brand has gotten more dumb, the older I‚Äôve become. I could have sworn all the salty codgers I used to work with said, ‚Äúas you get older, you‚Äôll get more Republican‚Äù - this must have been back when Republicans were capable of critical thinking."
Select_Insurance2000,"I will make this simple.
You want to buy a car.
The car costs $30k.
Your tax will be: $30k x 30% = $9k.
You want to buy a new home.
The home costs $100k.
Your tax will be: $100k x 30% = $30k
You want to buy a new, large screen 4k tv.
The 4k tv costs $2k.
Your tax will be: $2k x 30% = $600

Do you understand the insanity of this GOP proposal?"
SpicyNuggs4Lyfe,"Sales tax is a **regressive** tax. Meaning the poorer you are, the more you're paying. If you have a $100 to your name and need to buy $50 of groceries, that 30% tax on those groceries is another $12.50 of your $100. If you're a millionaire, that extra $12.50 means absolutely nothing to you.

This was maybe one of the GOP's dumbest ideas of all time. And in typical fashion, would've gotten rid of ALL corporate taxes. Making themselves and their rich buddies EVEN RICHER. Stupid fucks.

Put a 30% tax on luxury cars, yachts, and private jets."
ItisyouwhosaythatIam,The idea is class warfare.
Cal1V1k1ng,"Ahh yes, another tax that really only disproportionately impacts poor people, while letting the wealthy hoard even more money tax free"
Xtinguish,"For the uninitiated. The goal here is to replace income tax, capital gains, estate and ""earnings"" taxes and replace them with sales tax.

This would increase the wealth gap by increasing tax on people who spend a majority of their income every month and decreasing the relative tax on people who have money leftover to invest.

It's a truly evil peice of legislation. And to top it off it would gut the IRS and make it the job of states to police that people aren't evading taxes (including this national tax)."
IsGoingTTaM,GOP is worthless and a waste of every tax dollar. They don‚Äôt care about the American people at all. Decades upon decades of the same shit. Their base needs to wake up and stop re-electing and electing the swamp!
Shaman7102,Need to make a billboard with current costs of items and the gqp after tax cost for the red state peeps that don't get it.
mtnviewcansurvive,"folks: it saves their sponsors (the rich not so rich and the ultra rich, ie the koch cabal) MONEY...and best of all all the stupid poor people pay. remember: ***One line of Protestant thinking views the pursuit of wealth as not only acceptable but as a religious calling or duty. This perspective is generally ascribed to Calvinist and Puritan theologies,***"
p6one6,"It is political gold.  It's letting the dumbest members of the Republican Party propose something that would upset 80-90% of their base, if not more.  The Republican Party survives because they have a general rule of concern for the stock market, which is what supplies income to retirees, their most dedicated voting base.  Telling retirees that they can expect 30% inflation, including those in Florida, is political suicide.

The problem now is that Republicans tried to.  It's not whether it passes, it's now something they need to answer to and will see ads about constantly during campaign season."
Buckeye_Monkey,"The whole thing doesn't make any logical sense. With the majority of people living paycheck to paycheck (i.e., spending 100% of their earnings after tax), they would need to be getting taxed at a greater than 30% rate by the federal government for this to provide any kind of assistance. Enacting this would force people to spend more money than they are already spending, or reduce their spending overall. Either option would absolutely tank the overall economy."
grixorbatz,"When these dick nibbles controlled the house, the senate, and the presidency, they never proposed any shit like this.   It's just political theater meant to arouse their sucker Magatt base while they sit back and say, ""See. Evil Biden won't approve our sound proposals"""
Whiskey_Fiasco,"But think about how great it would be for the top 10%. They would have more money than ever, even though they already do."
ILoveSodyPop,Imagine a world where there was no such thing as Democrats and Republicans ran the country all by themselves. That would be such a terrifying horror movie.
Emotional-Coffee13,Just look at the destruction caused w every top down tax policy the GOP has given us - the low growth thru their terms b cuz trickle down is a failed economic plan - their original idea was making trumps welfare permanent the same tax cuts Liz Truss rolled out in the UK suffering their worst nightmare now w that & Brexit (Trump said it would hurt global elites & make the UK great again)
jaybestnz,"It's an interesting tax in that it focuses the tax on those buying retail products and services not the businesses or as a proportion of the income of the rich

Eg it rewards the rich and punishes the poor."
,[deleted]
DerekStu,"This national sales tax is straight up idiocy.

You know what would happen?  

First people would stop buying things they don't absolutely need.

Next, they would start bartering or buying things on the grey market.

All of this would tank GDP, our national revenue stream and the economy.

Are they genuinely this stupid?"
Feniksrises,This tax plan angers me. Making rich people pay their taxes is hard so let's just slap a sales tax on everything at Target and Walmart.
pinkfootthegoose,the sales tax would not backfire on the GOP. It is already in their playbook to blame the democrats for raising the price of goods. They probably already have the attack ads in the cans.
Relative-Dream-4804,Tax break and cheating for the RICH. That‚Äôs all it would be. 30% flat tax on everything. Enjoy!
Notsnowbound,"So, as I understand it the GOP platform is a national sales tax (it sucks to have one), cutting Social Security, abolishing the FBI, IRS and Justice Department, abandoning support for Ukraine, national abortion and birth control ban and pretty much destroying the public school system.  It's also in favor of burning coal, lead in gas, gas burning vehicles, and all modern utilities privatized.  It wants an expansion of prisons and apparently denies that racism currently exists and that slavery ever existed except for white people."
Iredditfromwork,Leave it to the GOP to propose one of the most regressive tax systems possible.
Rude-Cut-2231,"Sales tax is just another way to fuck poor people. If you live paycheck to paycheck and spend all you earn, then you pay a much higher percentage of your income on tax than someone who just adds their paycheck to their pile of money and sits on it"
Saddam_whosane,"they need to hit em with,  ""republicans want to defund your infrastructure while raising the price of gas and eggs! """
xSGAx,Why tf would we do this instead of just making everyone pay their gd taxes? I fn hate conservatives for their Fox News bs
Telandria,"Oh yeah, sure‚Ä¶ food prices got another huge inflation bump the past few months, while at the same time the SNAP boost from covid is expiring‚Ä¶. 

Let‚Äôs add some extra taxes on top! I‚Äôm sure *that*‚Äôll go well. /s

I don‚Äôt give a shit if it removes federal income tax at the same time, that‚Äôs only like 12-22% for most people so you‚Äôd still ultimately be upping taxes. 

And, if you‚Äôre like me, it‚Äôd be by a huge amount. I live off disability in a state that already has a sales tax in lieu of state individual income tax, and I don‚Äôt meet the requirements to need to file for federal income taxes because I live off disability ‚Äî meaning all this would do is make my entire monthly cost of living go up by a full 30%. Which would probably see me out on the streets.

Typical fucking republicans, smh. Always trying to make the poorest people pay the most money."
liililllllliilillill,"What Republican had this idea.

No one will hear ‚Äúeliminate income tax‚Äù if it‚Äôs immediately followed by ‚Äúand institute a 30% sales tax on all purchases‚Äù

And that sales tax wouldn‚Äôt even make up for the lost revenue in income tax. We‚Äôd go into DEBT to institute a 30% sales tax on Americans.

Dumbest shit Republicans have thought up in a long time."
fyrejade,You can bet I‚Äôd never travel to the US anymore if this was reality.
SilentRidge,"Why are the republicans acting like they have any political capital and are free to pass whatever bullshit agenda they can dream up?  They failed to take the Senate in an off year, which opposition parties usually do, and they barely got control of the House (and they did thanks only to decades of gerrymandering).  They have no mandate.  They basically got smacked down in the last election.  And it's not going to get much better for them going forward.  They have an aging demographic and deeply unpopular ideas."
Economy_Ask4987,"Yes, taxing people who live paycheck to paycheck the highest effective tax rate in a country where 2/3rds live P2P is not great strategy to garner support.

Lucky for them, most of their current supporters are terrible at math."
TwistingEarth,They are fine with another great depression; their propaganda arms would successfully convince a large number of people that the DNC caused it.
chad917,"People don't even need to understand the concept of how this hurts lower income people who spend a greater portion of their income versus saving.

Just note that it's INSTANT inflation on top of inflation."
Bull_Winkle69,"I see this as a cheap workaround to give the wealthy a pass on taxes.

""You want to get rid of loopholes? Then we need a national sales tax!""

The rich make so much money they invest most of it and or transfer it overseas. 

A national sales tax will hurt working people the most. The less they make the more they must spend as a percentage of their income.

This national sales tax is just a scam. If they could really hit the rich with it they would just go shopping abroad"
,"GOP is trying to create a civil war.

They are basically looking around the world to see what has caused protests in other nations ... and repeating them here."
zaxmaximum,"Isn't that what they want? A depression severe enough to push a substantial number of low and middle class homeowners to default; thus, giving them the opportunity to collect Single Family Homes for pennies on the dollar, and ushering in the age of perpetual renters?

Who needs gerrymandered districts when you can just not renew rental agreements of undesirables? Property ownership is a powerful thing, and they want that power for themselves."
lazrbeam,My god. We‚Äôre seriously talking about raising taxes on the common man right now? With record high inflation? With lay-offs coming? Congress has corporate dick so far up it‚Äôs ass Walmart knows what Schumer has for breakfast. Tax the corporations.  Tax the goddamn rich. Close loopholes Jesus mother fucking Christ.
docbauies,‚ÄúEverything is so expensive! We should make it 30% more expensive!‚Äù
JanFromEarth,How odd. Inflation is the great Satan when Republicans are talking about Biden but increasing the cost of living by 30% by shifting the tax burden from the wealthy to the poor is great fun.
BackgroundGlove6613,"Now if the media were to talk about it 24hrs, it would become as big an issue as defund the police."
Zaius1968,Talk about hypocrisy‚Ä¶what happened to small government? Low taxes? They are a joke at this point.
Remarkable-Foot9630,"With the sales tax idea‚Ä¶ I would be board if it included healthcare for all. If it‚Äôs just to pay for the war, and the border jumpers‚Ä¶ then.. it‚Äôs a hard no."
Office_Depot_wagie,"Oh buddy, we're already sliding down that slope"
GeneralIncompetency,"Unfortunately most conservative voters say something to the effect of, ""I don't like [lists any one of hundreds of Republican policies], but I won't vote for the Democrats because [insert one of any hundreds of made up culture ware issues]."""
Ukulele_Maestro,How about we reverse the trump tax cuts if we need revenue?
sexysouthernaccent,"They need to bring this up in every economical talk for 20 years.

When the GOP had even a sliver of power, they wanted a 30% sales tax. 

When the GOP go on camera and gripe about prices, costs, bbmudgets, etc, remind the public the GOP wanted the poor and middle class to be saddled with a 30% tax.

Remind everyone every fucking day"
snow_big_deal,"Me reading the headline at first: ""Sales taxes aren't necessarily a bad idea, they're an efficient non-distortionary way to raise money, and can help a bit to deal with inflation""

Then I read about the actual batshit-insane 30% proposal with no income tax and am like ""It's Trump-era republicans we're talking about, of course they weren't going to propose anything sensible"""
BootsUnderMyOwnBed93,In other words ‚Äúthe fuck poor people tax‚Äù
snewz404,GWB pushed this bs in 2000. This is just more Republican nonsense as per usual. THE GOP CANT GOVERN Y‚ÄôALL.
detectiveDollar,"30% sales tax with no exemptions? Jesus, my state sales tax exempts most food (except for prepared meals, soda, alcohol, etc).

Also, those making less money spend a higher percentage of it on food, clothing, etc (people who make 100,000 spend more, but not 10x those making 10,000) while paying less in income taxes.

This proposal would absolutely screw them over.

This also actively encourages *not* buying products and services for those who can afford it, which is what our economy runs on.

Also something tells me stock is going to be exempt from this."
OneCat6271,'Republicans want 30% beer and gas tax' may be the one thing that could turn even the craziest of GQP away.
xpdx,GOP: the party of TAX and DON'T PAY OUR BILLS.
heimdal77,"Doesn't that blatantly contradict the whole  small government leaving things to the states what was suppose be what GOP was about.

I know they full of shit and don't actually care about any it but still  they are so blatant about it anymore."
Idagonian_Lib_914,"I'm a left liberal Democrat. Think Bernie or AOC. I feel it should be remembered that although the day to day rhetoric of the Republican leaders sounds and is dumber than a box of rocks, they are winning their long game pretty handily. They've destroyed public education and have a puppet Supreme Court. Don't think that all they're about is 'owning the libs'"
MimeGod,"The best way to kill the GOP is for the average American to actually understand their policies. 

Which is why the GOP is doing their damndest to kill public education and outlaw teaching critical thinking."
Catlenfell,The GOP has no plan for governance.  Just for making it easier on the rich and worse for the rest of us.
Stevil_Kneivil,Fucking regressive morons.
Impressive-Hold8249,The true intelligence level of MAGA Republicans is exhibited more every day and this session of Congress is only getting started. Added that 1-gal jug of Popcorn kernels to my Costco list.
m_chan1,"Ironically, many GOP members didn't back the bill, considering it's mainly the conservatives/GOP who wants to abolish the federal income tax and get rid of the IRS. One would think that all GOP members would fully back the Fair Tax bill but many did not. Also, the bill would've created 2 new tax agencies which would be worse than having one agency, the IRS.

Then again, they weren't intelligent enough to recommend repealing the 16th amendment which would remove the income tax, so if their bill passed, there would be both the income tax and the national sales tax, which would've been worse.

Also, the GOP never realized the repercussions on the state level as many states with income taxes base their income tax on the federal level and modify it on the state level. It would create chaos across the U.S. for many states."
JJDude,These Russian agents are so eager to break the US that they proposed something which the pre-Russian GOP is always firmly against - Tax Increase.  But they are too evil/dumb/ignorant to give a shit about that.
wired1984,The lack of policy focus of the MAGA GOP is biting them in the ass now.  These policies are toxic to even their base
Fozz101O,Imagine your rent increasing by 30% overnight and forever.
southpawOO7,It's a regressive tax that would disproportionately effect poor people. Of course Republicans proposed it.
ShichitenHakki,"So instead of paying a few hundred a year to the IRS, I could just opt to pay 30% sales tax on everything I buy? The only people that would enjoy this are people that don't spend a large percentage of their salaries on just living. Wonder who that would be?"
Exocoryak,"Conservative fiscal policy is always wacky.

Trickle Down economics: Cut taxes for the top 1% and wealthy corporations, while the little man is hurting.

Cut Social Security in a time of need and high unemployment.

Reduce government investment in order to ""balance the budget"", in times where government investment is the only thing keeping certain industries affloat. 

And now raising taxes, while things are already becoming more expensive on a rate that's faster than the growth of wages.

In this day and age, fiscally responsible and fiscally liberal should be synonymous - because liberal fiscal policy always has a higher ROI than it actually costs. And fiscally conservative should be synonymous with fiscally regressive - because conservative fiscal policy always leads to lower revenues, far outweighing the cut costs."
MaxRockatanskyBronze,"Politicians are always looking for new ways to tax the middle class to pay for tax cuts for their donors.

Previously, they capped the SALT deduction st $10k. Now they want a 30% sales tax?"
p001b0y,Where does the 30% figure come from? I don‚Äôt want to make it look like I am casting any doubts; I am just terrible at math. The bill itself states it is 23% and the Republican sponsor says it is a myth while using bad math to illustrate why but I don‚Äôt understand where the 30% comes from.
QristopherQuixote,"Regressive taxes are constantly front and center for republicans. They would rather see a fixed fee where everyone pays the same regardless of your ability to pay.  The only fair tax is income applied with the same progressive rates to individuals and corporations - no loopholes.  All income should be treated the same whether capital gains, wages, dividends, interest, inheritance, etc.  Make taxes super simple with big deductions for primary residences when sold, small businesses when inherited, etc.  However, we need to eliminate loopholes like carry forward losses, trusts, and other tax avoidance schemes.  We should get $15k per person adjusted for inflation on a return regardless of a relationship, and we should eliminate the marriage and single person penalties.  Taxes should be collected and submitted at the time of a transaction rather than at the end of the year or quarterly. Most people should have returns automatically created with a bill or refund generated automatically. Make taxes simple and fair, and the deficit will be gone overnight."
okram2k,Imagine that. The democrats pointing out to all Americans just how little the GOP cares about financially helping the lower classes that constantly vote for them is a good idea. Who'da thunk it?
poorbeyondrich,Why stop there?  I just wish they would announce a full blown regressive tax policy.
Pixeleyes,"Yeah but the more the Democrats in DC are like ""this is a stupid idea"", the more Republican voters are like ""fuck yes, let's do it"". Republicans are contrarians."
el0hellie,"Sales tax in California is 7.25%. If this were to pass, does that mean everything will be taxed 37.25%?"
Notmyname360,"GOP: ‚ÄúMiddle and lower class Americans are financially barely treading water right now, let‚Äôs drown them in more unnecessary taxes.‚Äù 
Seriously, fuck these guys."
Warm_Gur8832,"This is the first time I‚Äôve ever seen the Republican Party acknowledge the need to actually collect taxes.

I love it. The Dems need to make sure they‚Äôre constantly talking about policy and pulling out what the actual ideas that the Republicans have are, and not getting distracted by the crazy.

The Republicans offer nothing but worsening literally everything wrong with the status quo - just the Gilded Age on a smartphone."
TouchMint,I‚Äôd love to see a test run if this in a deep red state and we can see how it works since they are so for it lol.
mcpat21,GOP can find new ways to steal my money meanwhile huge corporations get a pass
dzogchenism,"Only because the plan would get rid of all federal income tax, capital gains tax, and the IRS among other things. It would be a huge boon to the wealthy and corporations."
MeatTornadoGold,GOP showing they have no idea how anything works
Musetrigger,"GOP: ""The Dems wanna tax you to death!!!
*they say as they want to tax people to death.*"
abruzzo79,GOP‚Äôs been fumbling lately in terms of balancing the instructions it receives from donors and the need to appeal to voters.
Kalkaline,"A national sales tax should be associated with luxury goods like high dollar sports cars, yachts, jewelry, etc.  Any excuse to tax the rich."
knightro25,Just say it WILL cause the next great depression. Let the repubs try to prove otherwise.
iwantawolverine4xmas,These fanatics would lose everything and live in Hooverville‚Äôs just to own the libs. These people should never lead. Vote every election like our country depends on it.
Standing_At_The_Edge,What a stupid idea.  Who in the right mind would vacation in the US when they would have to pay 30% more.  The US would lose most if not all their tourism industry.
PhatSunt,Nothing about this on r/conservative.
Small-Talent-For-War,"The Republican administration cuts taxes and ""surprise, surprise"" the deficit skyrockets. Then, the Republicans won't raise the debt limit until there is a plan to balance the budget - but you can't reverse the tax cuts and raise revenue AND you can't cut military expenditures even on projects that would never work. No, you can only cut social spending for people already struggling to buy eggs and gas and might lose their homes. 

How is the GOP the party for the common American?"
WWhataboutismss,They've been saying this for over 12 years. Their supporters didn't get it then and won't get it now.
GDPisnotsustainable,"Abolish the IRS? So‚Ä¶. Who is going to investigate all the fraud?  That means creating new jobs somewhere else.  
- why so many shortsighted answers? Because they do not plan on the government working for much longer. 
- They are traitors!  They are using their power to destroy, not to fix‚Ä¶ and they could care less about the founding principles."
,[deleted]
Memegunot,Yes. 30% tax on ESSENTIALS like diapers and menstrual products but not the NON-ESSENTIALS like Viagra and Rogain. You continue to have our backs GOP. ü•≤
Historical-Dot1573,Who the fuck thinks that a fucking 30% tax across the board would benefit regular people ü§®
LevitatingTurtles,So let‚Äôs introduce 30% inflation now‚Ä¶ and see how that works.  These fucking idiots.
Forsaken_Preference1,"30% sales tax kills the low income and middle class. Pretty stupid.

And in addition to current state/county/city taxes. 

Whoa. Just whoa. 

Have wealth tax. More than makes up the shortfall."
ThinkitThroughPeople,"The GOP national sales tax is really just a Trojan horse to get rid of Social security.  At present Social security and general taxes are separate.  If Social security runs low on funds, they reduce the benefits to remain solvent.  If the programs under general taxes run low on funds, the government needs to borrow more money. Social security does not contribute to the deficit.

By combining both systems under a national sales tax, social security would now contribute to the deficit. With the increased deficit the Republicans can advocate for eliminating all ""entitlements"".

Also I notice it's essentially a flat tax which would be disastrous for lower income people.  This guarantees poor people will join in the fight to eliminate ""entitlements"".

If they were serious about this they would make it fairer.  Don't tax food, medicine or medical care.  Charge a higher rate on yachts, private jets, the cost of homes above an areas average, second homes, etc."
metfan1964nyc,"Republicans think this will get billionaires to pay more taxes, but you know they'll either put in a loophole or, more likely, just buy their pricey stuff outside the US."
,[removed]
Wishiwashome,One of the dumbest ideas I have seen in a while.
ParmiCheez,How much do we pay now? Does this include payroll taxes and sales tax? Has anyone actually done the math?
spondgbob,Definition of regressive policy
Person21323231213242,"Interesting. I guess this may support the theory that the Republican members of the House want a default. Given that both a default and their demanded reforms would both cause a deep recession/depression - it looks like they want to keep discussions stalled until the default date passes. Perhaps they see the damage a default would cause as a weapon to use against Biden in the 2024 election (as they would blame his ""lack of compromise"" as the reason for it)."
Remadfghs, gutting Medicare and Social Security.
Dizzy_Ask3772,I plan to wait till a week before the tax goes into affect to buy Lambo #3. Suck it poors!
UnluckyHorseman,I think that would ***literally*** start a revolt.
Shinymegafarfetchd,"conservatives are not going to turn against their demagogues, they never have, and its irresponsible to bet on it. even more so when it is about such a awful shits."
Poococktail,National sales tax and not taxing the rich?  GOP serves who?
JupiterExile,"The monumental stupidity required to suggest a policy like a 30% sales tax, which ANYBODY can recognize is harmful - only this modern GOP could make this mistake.  This kind of move can actually teach people how regressive current tax systems are."
